{
  "timestamp": "2026-02-14 08:58:44",
  "experiment_confirmation": {
    "same_test_set": true,
    "test_set_size": 22469,
    "same_training_size": true,
    "training_size_T": 18681,
    "same_val_set_per_fold": true,
    "n_folds": 5
  },
  "results_summary": {
    "A_original": {
      "accuracy": {
        "mean": 0.9562686367884641,
        "std": 0.003331291330233833,
        "values": [
          0.9590546975833371,
          0.957853041968935,
          0.9592772264008189,
          0.9546931327606926,
          0.9504650852285371
        ]
      },
      "f1_score": {
        "mean": 0.9564653925721659,
        "std": 0.0034652813751756308,
        "values": [
          0.9593567768156919,
          0.9582248886144074,
          0.95960086538037,
          0.9546264931360314,
          0.9505179389143289
        ]
      },
      "auroc": {
        "mean": 0.988978212950595,
        "std": 0.0015609410585564018,
        "values": [
          0.9893404589048265,
          0.9901024308164935,
          0.9909186320658481,
          0.9880232592319217,
          0.9865062837338847
        ]
      },
      "precision": {
        "mean": 0.9515719896851417,
        "std": 0.0023312542991887606,
        "values": [
          0.9519551113449062,
          0.949471107614302,
          0.9516595148436816,
          0.9556487595930752,
          0.9491254550297434
        ]
      },
      "recall": {
        "mean": 0.9614425645592164,
        "std": 0.007113750737934545,
        "values": [
          0.9668744434550312,
          0.9671415850400712,
          0.9676758682101514,
          0.9536064113980409,
          0.9519145146927872
        ]
      },
      "specificity": {
        "mean": 0.9510988522110508,
        "std": 0.00255693852082811,
        "values": [
          0.9512412136311059,
          0.9485719370050716,
          0.9508853100809681,
          0.9557789838953643,
          0.949016816442744
        ]
      }
    },
    "B_counterfactual": {
      "accuracy": {
        "mean": 0.8594329965730563,
        "std": 0.013212938946612995,
        "values": [
          0.8750278161021853,
          0.8758734256086164,
          0.8521518536650496,
          0.8469446793359741,
          0.8471672081534559
        ]
      },
      "f1_score": {
        "mean": 0.8670354906406288,
        "std": 0.012365891663117112,
        "values": [
          0.8798767967145791,
          0.8818270412270667,
          0.864904432696218,
          0.8492261826472006,
          0.8593429999180798
        ]
      },
      "auroc": {
        "mean": 0.9323594709840759,
        "std": 0.01474093125715226,
        "values": [
          0.9451789171991024,
          0.9468524680746514,
          0.9408201564375164,
          0.9139034609243335,
          0.9150423522847748
        ]
      },
      "precision": {
        "mean": 0.8231813577283382,
        "std": 0.022584259568457745,
        "values": [
          0.846698501564301,
          0.8411607792417751,
          0.7959580838323354,
          0.8364280162362898,
          0.7956614077669902
        ]
      },
      "recall": {
        "mean": 0.9171682991985752,
        "std": 0.029192620506079923,
        "values": [
          0.9157613535173642,
          0.9266251113089937,
          0.9469278717720392,
          0.8624220837043634,
          0.9341050756901158
        ]
      },
      "specificity": {
        "mean": 0.8017439273956757,
        "std": 0.03513907323417727,
        "values": [
          0.8343268974108017,
          0.8251623809947505,
          0.7574517305810126,
          0.8314796690096984,
          0.7602989589821159
        ]
      }
    },
    "C_augmented": {
      "accuracy": {
        "mean": 0.9505273932974321,
        "std": 0.005017882236118398,
        "values": [
          0.9475277048377765,
          0.9427210823801683,
          0.9566958921180293,
          0.9509546486269972,
          0.9547376385241889
        ]
      },
      "f1_score": {
        "mean": 0.9509122852301084,
        "std": 0.004578456177174518,
        "values": [
          0.9481096782712028,
          0.9440459110473458,
          0.9570286622797333,
          0.9509437321937322,
          0.9544334423585286
        ]
      },
      "auroc": {
        "mean": 0.9860282756338303,
        "std": 0.0017010099451131308,
        "values": [
          0.9846834149975633,
          0.9847455040040337,
          0.9890704531360515,
          0.9849066034449276,
          0.9867354025865758
        ]
      },
      "precision": {
        "mean": 0.944065127973353,
        "std": 0.013113624446747133,
        "values": [
          0.9373422678618049,
          0.9223515419250701,
          0.9493559975466573,
          0.9507744347516468,
          0.9605013977815854
        ]
      },
      "recall": {
        "mean": 0.9580587711487087,
        "std": 0.007263980927993377,
        "values": [
          0.9591273374888691,
          0.9667853962600178,
          0.9648263579697239,
          0.951113089937667,
          0.9484416740872662
        ]
      },
      "specificity": {
        "mean": 0.9430020464454133,
        "std": 0.014549187384712121,
        "values": [
          0.9359373609751758,
          0.9186760387934869,
          0.9485719370050716,
          0.9507963341934336,
          0.9610285612598986
        ]
      }
    }
  },
  "hypothesis_tests": [
    {
      "test": "A_vs_B",
      "metric": "accuracy",
      "t": 16.96660320623216,
      "p": 7.075875715343343e-05,
      "diff": 0.09683564021540787,
      "ci": [
        0.0809892839343812,
        0.11268199649643454
      ]
    },
    {
      "test": "A_vs_B",
      "metric": "f1_score",
      "t": 16.981657791061824,
      "p": 7.051103029336045e-05,
      "diff": 0.08942990193153708,
      "ci": [
        0.07480840757974153,
        0.10405139628333263
      ]
    },
    {
      "test": "A_vs_B",
      "metric": "auroc",
      "t": 8.425787767119141,
      "p": 0.0010863979345695303,
      "diff": 0.05661874196651919,
      "ci": [
        0.037961871731921865,
        0.07527561220111652
      ]
    },
    {
      "test": "A_vs_C",
      "metric": "accuracy",
      "t": 1.6715791662758772,
      "p": 0.16992588490374527,
      "diff": 0.005741243491032088,
      "ci": [
        -0.003794797463545104,
        0.01527728444560928
      ]
    },
    {
      "test": "A_vs_C",
      "metric": "f1_score",
      "t": 1.7183730488509887,
      "p": 0.16085606167441172,
      "diff": 0.005553107342057384,
      "ci": [
        -0.0034192736603114258,
        0.014525488344426194
      ]
    },
    {
      "test": "A_vs_C",
      "metric": "auroc",
      "t": 2.9458251590353037,
      "p": 0.042144015942811995,
      "diff": 0.002949937316764517,
      "ci": [
        0.00016961649607693217,
        0.005730258137452102
      ]
    },
    {
      "test": "B_vs_C",
      "metric": "accuracy",
      "t": -10.338212346921395,
      "p": 0.0004940308993092537,
      "diff": -0.09109439672437578,
      "ci": [
        -0.115558838294069,
        -0.06662995515468255
      ]
    },
    {
      "test": "B_vs_C",
      "metric": "f1_score",
      "t": -10.713639635756909,
      "p": 0.0004301210175343642,
      "diff": -0.08387679458947969,
      "ci": [
        -0.10561350813362433,
        -0.06214008104533505
      ]
    },
    {
      "test": "B_vs_C",
      "metric": "auroc",
      "t": -7.222873705343992,
      "p": 0.0019487488137542239,
      "diff": -0.053668804649754674,
      "ci": [
        -0.07429888847101562,
        -0.033038720828493726
      ]
    },
    {
      "test": "non_inferiority",
      "metric": "accuracy",
      "delta": 0.02,
      "t": -4.151477002259424,
      "p": 0.007121605928127347,
      "result": "NON-INFERIOR",
      "ci_upper": 0.013063332526841206
    },
    {
      "test": "non_inferiority",
      "metric": "f1_score",
      "delta": 0.02,
      "t": -4.470497228647897,