{
  "Normal": {
    "precision": 0.9927946474523932,
    "recall": 0.9722782258064516,
    "f1-score": 0.9824293353705118,
    "support": 9920.0
  },
  "AFib": {
    "precision": 0.951558921965827,
    "recall": 0.9872076023391813,
    "f1-score": 0.9690555206745,
    "support": 5472.0
  },
  "accuracy": 0.9775857588357588,
  "macro avg": {
    "precision": 0.9721767847091101,
    "recall": 0.9797429140728164,
    "f1-score": 0.9757424280225059,
    "support": 15392.0
  },
  "weighted avg": {
    "precision": 0.9781349612607033,
    "recall": 0.9775857588357588,
    "f1-score": 0.977674819127231,
    "support": 15392.0
  },
  "optimal_threshold": 0.6090493202209473,
  "auroc": 0.9981972925214584
}