{
  "train_loss": [
    0.039483963846396686,
    0.02282452663143602,
    0.019430670608229332,
    0.016581347106804253,
    0.015304961373241794,
    0.01351701434990748,
    0.01248406932153656,
    0.011500400968742953,
    0.010958814052204497,
    0.010607579849571062,
    0.01008971649498692,
    0.009814227283861714,
    0.00954604458181138,
    0.009240690614227035,
    0.008867515564671843,
    0.008680195566167427,
    0.008715476641106069,
    0.008620395513268077,
    0.008562228130272638,
    0.00811719959335753,
    0.00821357335250165,
    0.008220614115596556,
    0.007717332182502379,
    0.007909766949394359,
    0.007707221611398675,
    0.007558014850568167,
    0.006221693341530049,
    0.006159358881171794,
    0.005865528103209587,
    0.005798562264683689,
    0.0057045382070737595,
    0.005648238535588053,
    0.005517504629370931,
    0.005450069857539483,
    0.005334737405153682,
    0.005333700454285105,
    0.005321810007326235,
    0.004457504304901443,
    0.004137011555607916,
    0.0040633679811445216,
    0.003973584124458579,
    0.003981552954510351
  ],
  "train_acc": [
    0.8552250445632799,
    0.9449643493761141,
    0.9530692959001783,
    0.958291555258467,
    0.9614109848484849,
    0.9676776960784313,
    0.9690702985739751,
    0.97161876114082,
    0.9717858734402852,
    0.9736380347593583,
    0.9746685606060606,
    0.9753230837789661,
    0.976019385026738,
    0.9767435383244206,
    0.9768131684491979,
    0.9770777629233511,
    0.9767017602495544,
    0.9772727272727273,
    0.9775790998217468,
    0.978219696969697,
    0.9777879901960784,
    0.977774064171123,
    0.9794451871657754,
    0.9787767379679144,
    0.9792223707664884,
    0.9794869652406417,
    0.9828988413547237,
    0.9827456550802139,
    0.9825367647058824,
    0.983386252228164,
    0.9834558823529411,
    0.9840129233511586,
    0.9837204768270945,
    0.9835394385026738,
    0.9841661096256684,
    0.9841939616755794,
    0.984597816399287,
    0.9861853832442068,
    0.9866031639928698,
    0.9863942736185384,
    0.9872298351158645,
    0.9872716131907309
  ],
  "train_f1": [
    0.8136049055115286,
    0.9235974171596489,
    0.9345885093167702,
    0.9420483349780383,
    0.9463161361566925,
    0.9548926246234574,
    0.9568008091338767,
    0.960314678506056,
    0.9605821238180474,
    0.9631303196151374,
    0.9645301561921105,
    0.9654675137389407,
    0.9664314398222152,
    0.9674425858774905,
    0.9676126748234745,
    0.9679853736336407,
    0.9674671852211959,
    0.968252733143991,
    0.9686550891675103,
    0.9695423563777994,
    0.9689887815215912,
    0.9689602862810689,
    0.971275105091079,
    0.9703409621672116,
    0.9709637241164565,
    0.9713262346460065,
    0.9760791647187159,
    0.97589447265511,
    0.9755860135503466,
    0.9767677357792448,
    0.9768619507634777,
    0.9776410096603303,
    0.9772315602905947,
    0.9770012063665019,
    0.977865166351938,
    0.9779032415068627,
    0.9784623773173392,
    0.9806853582554517,
    0.9812811332503113,
    0.9809933272377098,
    0.9821466814633102,
    0.9822054357137294
  ],
  "val_loss": [
    0.020615929656365804,
    0.017941149557687018,
    0.054032645865949545,
    0.017036452563673164,
    0.011148431531992003,
    0.013381451976789537,
    0.014101064310645348,
    0.009034092684848555,
    0.010121451617216618,
    0.009385839382923748,
    0.017151665017531563,
    0.009844333213451947,
    0.009051982059023437,
    0.007722170139300364,
    0.00889806500329876,
    0.007506008999906369,
    0.008035272280160403,
    0.007205135360322148,
    0.007591297849105175,
    0.0072498735496164405,
    0.008790273661047546,
    0.007880674602559201,
    0.007109668497456622,
    0.007869779021246116,
    0.008126695742883881,
    0.007182564440397778,
    0.007321202864124318,
    0.00647052606113515,
    0.007831875286840439,
    0.006869789479702025,
    0.0061570293992284815,
    0.006965217933876429,
    0.0077201226073939965,
    0.006498023585353661,
    0.006543085907407484,
    0.007785146763812625,
    0.006209111659480946,
    0.00568658690757268,
    0.0061104921772382045,
    0.005850761352571501,
    0.0067093527595602845,
    0.007087662702544242
  ],
  "val_acc": [
    0.9502956273146644,
    0.9638100188421805,
    0.8417256838412059,
    0.9484763823013449,
    0.9745955428497174,
    0.9675784549411994,
    0.9626405041907609,
    0.9779741407315964,
    0.9731011630173478,
    0.9742706776687675,
    0.9590669872003119,
    0.9762198687544669,
    0.9792086284192061,
    0.9801182509258658,
    0.9799233318172959,
    0.9808979273601456,
    0.9814826846858554,
    0.982652199337275,
    0.9788187902020662,
    0.9782340328763564,
    0.9732311090897278,
    0.9812227925410955,
    0.9760899226820869,
    0.9814177116496654,
    0.9823923071925151,
    0.9797933857449158,
    0.9772594373335066,
    0.9821324150477552,
    0.982782145409655,
    0.9810928464687155,
    0.9821973880839452,
    0.9821973880839452,
    0.9753102462478072,
    0.9844714443505945,
    0.9844714443505945,
    0.9794035475277759,
    0.9828471184458449,
    0.982977064518225,
    0.9841465791696445,
    0.9840166330972646,
    0.982782145409655,
    0.9845364173867844
  ],
  "val_f1": [
    0.931285367825384,
    0.9484974572353213,
    0.8156500681095807,
    0.9313122563880468,
    0.964197417818881,
    0.9539370442167451,
    0.9489660069228721,
    0.9690608743269143,
    0.9629165173772841,
    0.9643307512159971,
    0.9393881085241486,
    0.9659408151870463,
    0.9707709170624772,
    0.9720445824958889,
    0.9715443410995488,
    0.9731653888280394,
    0.9736963544070143,
    0.9755874554265338,
    0.9705616759978327,
    0.9698171006396973,
    0.9632405424696645,
    0.9733763242745279,
    0.9669836712722053,
    0.9736890524379025,
    0.9750804597701149,
    0.9719895523732325,
    0.968654845065377,
    0.9749567434659867,
    0.9758981355161437,
    0.9737198591167705,
    0.9751676635852818,
    0.9750954371932375,
    0.9660168127347523,
    0.9781155571834081,
    0.9780391436184875,
    0.971490241928231,
    0.9759956355701036,
    0.9762034514078111,
    0.9778302743957841,
    0.9776526162790697,
    0.9759156593656275,
    0.978125
  ],
  "val_auroc": [
    0.9823212944440614,
    0.9881975194248854,
    0.9835636307600335,
    0.992304092240717,
    0.9943739741467288,
    0.9929687412485578,
    0.9935724341582018,
    0.9960217233273728,
    0.9962128640378882,
    0.996394553190787,
    0.9953315753804648,
    0.996535239533791,
    0.996808616165207,
    0.9973036898586151,
    0.9970838352055154,
    0.9975734185204248,
    0.997804346050966,
    0.9978934817931681,
    0.9976066187286612,
    0.9979574502299031,
    0.9975080130047536,
    0.9976132698247618,
    0.9979239183880662,
    0.9977131099626271,
    0.9976179034831255,
    0.9979525402102056,
    0.9983653779827125,
    0.9982719862759699,
    0.9978668589846764,
    0.998233977380525,
    0.9984754803381071,
    0.9982178194545409,
    0.998063683526624,
    0.9984926884371598,
    0.9985099333843901,
    0.9983307406955403,
    0.998374903236685,
    0.9986413708347558,
    0.9985723726217449,
    0.9985990507025032,
    0.9985248384723276,
    0.9985287443791789
  ],