{
  "epoch": [
    1,
    2,
    3,
    4,
    5
  ],
  "g_loss": [
    0.56018956218447,
    0.5619960654349554,
    0.6104703346888224,
    0.5880404313405355,
    0.5828283088547843
  ],
  "d_loss": [
    1.0897738820030576,
    1.0570583513804845,
    1.0742141065143405,
    0.9727021228699457,
    0.9443469047546387
  ],
  "d_real": [
    0.07002833716216542,
    0.13754119049935115,
    0.21384719156083606,
    0.27694704277174814,
    0.36375229557355243
  ],
  "d_fake": [
    0.0018644034252723767,
    -0.001739088124373839,
    -0.032341743420277326,
    -0.052964872015374045,
    -0.042819813603446596
  ],
  "r1_penalty": [
    0.00021122672409373556,
    0.0002264864825909691,
    0.0002715582917777023,
    0.0003065364352161331,
    0.00037638574888530584
  ]
}